batch_timestamp,qty_loops,title,env_crystal_workers,normal,fibers_any_thread,fibers_same_thread,fibers_any_thread_times_worker,fibers_same_thread_times_worker,fibers_any_thread_per_worker,fibers_same_thread_per_worker
2019-10-20 16:46:03 UTC,30,array_360,1,0.000168565,0.000393277,0.000167191,0.000393277,0.000167191,0.000393277,0.000167191
2019-10-20 16:46:03 UTC,30,fib,1,0.177871941,0.160569128,0.162546456,0.160569128,0.162546456,0.160569128,0.162546456
2019-10-20 16:46:04 UTC,30,array_360,2,0.000229193,0.000432411,0.000326053,0.000864822,0.000652106,0.0002162055,0.0001630265
2019-10-20 16:46:04 UTC,30,fib,2,0.158053812,0.108210501,0.133794375,0.216421002,0.26758875,0.0541052505,0.0668971875
2019-10-20 16:46:04 UTC,30,array_360,3,0.000174961,0.000423597,0.000263663,0.001270791,0.0007909890000000001,0.000141199,8.788766666666668e-5
2019-10-20 16:46:04 UTC,30,fib,3,0.136134504,0.104476792,0.147059099,0.313430376,0.44117729699999997,0.03482559733333333,0.049019699666666666
2019-10-20 16:46:04 UTC,30,array_360,4,0.000195236,0.000548864,0.000329861,0.002195456,0.001319444,0.000137216,8.246525e-5
2019-10-20 16:46:04 UTC,30,fib,4,0.152663588,0.124163317,0.129387854,0.496653268,0.517551416,0.03104082925,0.0323469635
2019-10-20 16:46:05 UTC,30,array_360,5,0.000186189,0.00058651,0.000339667,0.0029325500000000003,0.001698335,0.00011730200000000001,6.79334e-5
2019-10-20 16:46:05 UTC,30,fib,5,0.123457115,0.101022988,0.144884228,0.50511494,0.72442114,0.0202045976,0.028976845600000002
2019-10-20 16:46:05 UTC,30,array_360,6,0.000191662,0.00065899,0.000284667,0.00395394,0.0017080020000000001,0.00010983166666666667,4.74445e-5
2019-10-20 16:46:05 UTC,30,fib,6,0.154979412,0.128708657,0.155440442,0.772251942,0.9326426520000001,0.021451442833333334,0.025906740333333334
2019-10-20 16:46:06 UTC,30,array_360,7,0.000278177,0.000598061,0.000434603,0.0041864269999999995,0.003042221,8.543728571428572e-5,6.208614285714285e-5
2019-10-20 16:46:06 UTC,30,fib,7,0.142814382,0.045810726,0.162826972,0.320675082,1.139788804,0.006544389428571429,0.023260996
2019-10-20 16:46:06 UTC,30,array_360,8,0.000177067,0.000490132,0.000414824,0.003921056,0.003318592,6.12665e-5,5.1853e-5
2019-10-20 16:46:06 UTC,30,fib,8,0.154005308,0.064313778,0.199237089,0.514510224,1.593896712,0.00803922225,0.024904636125
2019-10-20 16:46:06 UTC,30,array_360,9,0.000185814,0.000487027,0.000514416,0.004383243,0.004629744,5.411411111111111e-5,5.715733333333333e-5
2019-10-20 16:46:06 UTC,30,fib,9,0.16424536,0.032626093,0.218069278,0.29363483700000004,1.962623502,0.0036251214444444446,0.02422991977777778
2019-10-20 16:46:07 UTC,30,array_360,10,0.000180878,0.000860742,0.00032663,0.00860742,0.0032663,8.607419999999999e-5,3.2663e-5
2019-10-20 16:46:07 UTC,30,fib,10,0.128351998,0.119633099,0.152960645,1.19633099,1.5296064500000002,0.0119633099,0.015296064500000001
2019-10-20 16:46:07 UTC,30,array_360,11,0.000182284,0.00051094,0.000518316,0.00562034,0.0057014760000000005,4.6449090909090906e-5,4.711963636363636e-5
2019-10-20 16:46:07 UTC,30,fib,11,0.165201706,0.043592324,0.248265111,0.479515564,2.730916221,0.003962938545454545,0.022569555545454548
2019-10-20 16:46:08 UTC,30,array_360,12,0.000208239,0.000667677,0.00057542,0.008012123999999999,0.0069050399999999994,5.563975e-5,4.7951666666666664e-5
2019-10-20 16:46:08 UTC,30,fib,12,0.148268192,0.111112943,0.14220416,1.333355316,1.7064499199999998,0.009259411916666667,0.011850346666666666
2019-10-20 16:46:08 UTC,30,array_360,13,0.000170416,0.000661307,0.000474088,0.008596991,0.006163144,5.086976923076923e-5,3.646830769230769e-5
2019-10-20 16:46:08 UTC,30,fib,13,0.161914778,0.020303992,0.254778795,0.263951896,3.312124335,0.0015618455384615385,0.019598368846153846
2019-10-20 16:46:09 UTC,30,array_360,14,0.000216353,0.000788019,0.000493901,0.011032266,0.006914614,5.628707142857143e-5,3.527864285714286e-5
2019-10-20 16:46:09 UTC,30,fib,14,0.179352681,0.055904401,0.1762431,0.782661614,2.4674034000000002,0.0039931715,0.012588792857142858
2019-10-20 16:46:09 UTC,30,array_360,15,0.000193546,0.000906223,0.000282674,0.013593345,0.00424011,6.041486666666666e-5,1.8844933333333333e-5
2019-10-20 16:46:09 UTC,30,fib,15,0.149231587,0.135507951,0.163152561,2.0326192649999997,2.447288415,0.0090338634,0.0108768374
2019-10-20 16:46:09 UTC,30,array_360,16,0.000180882,0.000738471,0.000346784,0.011815536,0.005548544,4.61544375e-5,2.1674e-5
2019-10-20 16:46:09 UTC,30,fib,16,0.187103194,0.00581625,0.264746582,0.09306,4.235945312,0.000363515625,0.016546661375
2019-10-20 16:46:10 UTC,30,array_360,17,0.000182735,0.000565492,0.000583012,0.009613364000000001,0.009911204000000002,3.326423529411765e-5,3.4294823529411766e-5
2019-10-20 16:46:10 UTC,30,fib,17,0.139159363,0.011228628,0.284577087,0.19088667599999998,4.837810479,0.0006605075294117647,0.016739828647058825
2019-10-20 16:46:10 UTC,30,array_360,18,0.000176723,0.000726406,0.000561649,0.013075307999999999,0.010109682,4.035588888888889e-5,3.120272222222222e-5
2019-10-20 16:46:10 UTC,30,fib,18,0.162937964,0.036928059,0.297333743,0.664705062,5.352007373999999,0.002051558833333333,0.016518541277777778
2019-10-20 16:46:11 UTC,30,array_360,19,0.000176365,0.00048165,0.000785305,0.00915135,0.014920795,2.5350000000000003e-5,4.133184210526316e-5
2019-10-20 16:46:11 UTC,30,fib,19,0.142466438,0.067853214,0.207258757,1.289211066,3.9379163829999997,0.0035712217894736838,0.010908355631578947
2019-10-20 16:46:11 UTC,30,array_360,20,0.000177526,0.000563787,0.00066186,0.01127574,0.013237200000000001,2.8189349999999998e-5,3.3093e-5
2019-10-20 16:46:11 UTC,30,fib,20,0.186078543,0.1367067,0.156221736,2.7341339999999996,3.12443472,0.006835335,0.0078110868
2019-10-20 16:46:12 UTC,30,array_360,21,0.000183249,0.000719933,0.000515424,0.015118593,0.010823904,3.4282523809523806e-5,2.4544e-5
2019-10-20 16:46:12 UTC,30,fib,21,0.155474575,0.000156579,0.247229142,0.003288159,5.191811982,7.456142857142858e-6,0.011772816285714286
2019-10-20 16:46:12 UTC,30,array_360,22,0.000197731,0.000712301,0.000567695,0.015670622000000002,0.01248929,3.2377318181818185e-5,2.5804318181818182e-5
2019-10-20 16:46:12 UTC,30,fib,22,0.16418426,0.000174363,0.306892383,0.003835986,6.751632426,7.92559090909091e-6,0.013949653772727272
2019-10-20 16:46:13 UTC,30,array_360,23,0.000240612,0.000842971,0.000452971,0.019388333,0.010418333,3.665091304347826e-5,1.9694391304347826e-5
2019-10-20 16:46:13 UTC,30,fib,23,0.153707732,0.000575614,0.280884047,0.013239122,6.460333081000001,2.5026695652173914e-5,0.01221234986956522
2019-10-20 16:46:13 UTC,30,array_360,24,0.000199016,0.000707609,0.000376296,0.016982616,0.009031104,2.9483708333333332e-5,1.5679e-5
2019-10-20 16:46:13 UTC,30,fib,24,0.176403877,0.001330697,0.310456278,0.031936728,7.450950671999999,5.5445708333333335e-5,0.012935678249999999
2019-10-20 16:46:14 UTC,30,array_360,25,0.000223378,0.000839412,0.000373295,0.0209853,0.009332375,3.357648e-5,1.49318e-5
2019-10-20 16:46:14 UTC,30,fib,25,0.185193294,0.00586129,0.267658553,0.14653225,6.6914638250000005,0.00023445159999999998,0.01070634212
2019-10-20 16:46:14 UTC,30,array_360,26,0.000180063,0.000547663,0.000537619,0.014239238,0.013978094,2.106396153846154e-5,2.0677653846153847e-5
2019-10-20 16:46:14 UTC,30,fib,26,0.18361203,0.022016707,0.315321529,0.572434382,8.198359754,0.000846796423076923,0.012127751115384614
2019-10-20 16:46:15 UTC,30,array_360,27,0.000222897,0.000881477,0.000422035,0.023799879,0.011394945,3.2647296296296296e-5,1.5630925925925926e-5
2019-10-20 16:46:15 UTC,30,fib,27,0.168664807,0.035227905,0.242111484,0.9511534349999999,6.537010068,0.001304737222222222,0.008967092
2019-10-20 16:46:15 UTC,30,array_360,28,0.000178034,0.000634414,0.000503459,0.017763592,0.014096852000000002,2.2657642857142858e-5,1.7980678571428574e-5
2019-10-20 16:46:15 UTC,30,fib,28,0.17553492,0.071710966,0.262122437,2.007907048,7.339428236,0.0025611059285714287,0.009361515607142856
2019-10-20 16:46:16 UTC,30,array_360,29,0.000234706,0.000741998,0.000688632,0.021517942,0.019970328,2.5586137931034482e-5,2.374593103448276e-5
2019-10-20 16:46:16 UTC,30,fib,29,0.193077008,0.099498783,0.177681942,2.8854647069999997,5.152776318,0.003430992517241379,0.00612696351724138
2019-10-20 16:46:16 UTC,30,array_360,30,0.000186459,0.00076285,0.000439075,0.0228855,0.01317225,2.5428333333333335e-5,1.4635833333333333e-5
2019-10-20 16:46:16 UTC,30,fib,30,0.181274736,0.172529502,0.198581301,5.17588506,5.95743903,0.0057509834000000004,0.0066193766999999995
2019-10-20 16:46:17 UTC,30,array_360,31,0.000190348,0.000353075,0.000921658,0.010945325,0.028571398,1.1389516129032258e-5,2.9730903225806453e-5
2019-10-20 16:46:17 UTC,30,fib,31,0.194246044,0.000121767,0.304638186,0.003774777,9.443783766,3.927967741935484e-6,0.009827038258064516
2019-10-20 16:46:17 UTC,30,array_360,32,0.000206787,0.00067139,0.000576546,0.02148448,0.018449472,2.09809375e-5,1.80170625e-5
2019-10-20 16:46:17 UTC,30,fib,32,0.189295959,0.000131775,0.36424249,0.0042168,11.65575968,4.11796875e-6,0.0113825778125
